<?xml version="1.0" encoding="UTF-8"?>
<root>
  <item name="com.instabug.featuresrequest.ui.custom.InstaToast com.instabug.featuresrequest.ui.custom.InstaToast make(android.view.View, int, int) 2">
    <annotation name="android.support.annotation.IntDef">
      <val name="value" val="{com.instabug.featuresrequest.ui.custom.InstaToast.LENGTH_INDEFINITE, com.instabug.featuresrequest.ui.custom.InstaToast.LENGTH_SHORT, com.instabug.featuresrequest.ui.custom.InstaToast.LENGTH_LONG}" />
    </annotation>
  </item>
  <item name="com.instabug.featuresrequest.ui.custom.InstaToast com.instabug.featuresrequest.ui.custom.InstaToast make(android.view.View, java.lang.CharSequence, int) 2">
    <annotation name="android.support.annotation.IntDef">
      <val name="value" val="{com.instabug.featuresrequest.ui.custom.InstaToast.LENGTH_INDEFINITE, com.instabug.featuresrequest.ui.custom.InstaToast.LENGTH_SHORT, com.instabug.featuresrequest.ui.custom.InstaToast.LENGTH_LONG}" />
    </annotation>
  </item>
  <item name="com.instabug.featuresrequest.ui.custom.InstaToast com.instabug.featuresrequest.ui.custom.InstaToast setDuration(int) 0">
    <annotation name="android.support.annotation.IntDef">
      <val name="value" val="{com.instabug.featuresrequest.ui.custom.InstaToast.LENGTH_INDEFINITE, com.instabug.featuresrequest.ui.custom.InstaToast.LENGTH_SHORT, com.instabug.featuresrequest.ui.custom.InstaToast.LENGTH_LONG}" />
    </annotation>
  </item>
  <item name="com.instabug.featuresrequest.ui.custom.InstaToast int getDuration()">
    <annotation name="android.support.annotation.IntDef">
      <val name="value" val="{com.instabug.featuresrequest.ui.custom.InstaToast.LENGTH_INDEFINITE, com.instabug.featuresrequest.ui.custom.InstaToast.LENGTH_SHORT, com.instabug.featuresrequest.ui.custom.InstaToast.LENGTH_LONG}" />
    </annotation>
  </item>
  <item name="com.instabug.featuresrequest.ui.custom.InstaToast void dispatchDismiss(int) 0">
    <annotation name="android.support.annotation.IntDef">
      <val name="value" val="{com.instabug.featuresrequest.ui.custom.InstaToast.Callback.DISMISS_EVENT_SWIPE, com.instabug.featuresrequest.ui.custom.InstaToast.Callback.DISMISS_EVENT_ACTION, com.instabug.featuresrequest.ui.custom.InstaToast.Callback.DISMISS_EVENT_TIMEOUT, com.instabug.featuresrequest.ui.custom.InstaToast.Callback.DISMISS_EVENT_MANUAL, com.instabug.featuresrequest.ui.custom.InstaToast.Callback.DISMISS_EVENT_CONSECUTIVE}" />
    </annotation>
  </item>
  <item name="com.instabug.featuresrequest.ui.custom.InstaToast.Callback void onDismissed(com.instabug.featuresrequest.ui.custom.InstaToast, int) 1">
    <annotation name="android.support.annotation.IntDef">
      <val name="value" val="{com.instabug.featuresrequest.ui.custom.InstaToast.Callback.DISMISS_EVENT_SWIPE, com.instabug.featuresrequest.ui.custom.InstaToast.Callback.DISMISS_EVENT_ACTION, com.instabug.featuresrequest.ui.custom.InstaToast.Callback.DISMISS_EVENT_TIMEOUT, com.instabug.featuresrequest.ui.custom.InstaToast.Callback.DISMISS_EVENT_MANUAL, com.instabug.featuresrequest.ui.custom.InstaToast.Callback.DISMISS_EVENT_CONSECUTIVE}" />
    </annotation>
  </item>
  <item name="com.instabug.featuresrequest.ui.custom.InstaToast.Callback.DismissEvent">
    <annotation name="android.support.annotation.IntDef">
      <val name="value" val="{com.instabug.featuresrequest.ui.custom.InstaToast.Callback.DISMISS_EVENT_SWIPE, com.instabug.featuresrequest.ui.custom.InstaToast.Callback.DISMISS_EVENT_ACTION, com.instabug.featuresrequest.ui.custom.InstaToast.Callback.DISMISS_EVENT_TIMEOUT, com.instabug.featuresrequest.ui.custom.InstaToast.Callback.DISMISS_EVENT_MANUAL, com.instabug.featuresrequest.ui.custom.InstaToast.Callback.DISMISS_EVENT_CONSECUTIVE}" />
    </annotation>
  </item>
  <item name="com.instabug.featuresrequest.ui.custom.InstaToast.Duration">
    <annotation name="android.support.annotation.IntDef">
      <val name="value" val="{com.instabug.featuresrequest.ui.custom.InstaToast.LENGTH_INDEFINITE, com.instabug.featuresrequest.ui.custom.InstaToast.LENGTH_SHORT, com.instabug.featuresrequest.ui.custom.InstaToast.LENGTH_LONG}" />
    </annotation>
  </item>
</root>

