<?xml version="1.0" encoding="UTF-8"?>
<root>
  <item name="com.instabug.bug.BugReporting void invoke(com.instabug.bug.invocation.InvocationMode, int...) 1">
    <annotation name="android.support.annotation.IntDef">
      <val name="flag" val="true" />
      <val name="value" val="{com.instabug.bug.invocation.InvocationOption.EMAIL_FIELD_HIDDEN, com.instabug.bug.invocation.InvocationOption.EMAIL_FIELD_OPTIONAL, com.instabug.bug.invocation.InvocationOption.COMMENT_FIELD_REQUIRED, com.instabug.bug.invocation.InvocationOption.DISABLE_POST_SENDING_DIALOG}" />
    </annotation>
  </item>
  <item name="com.instabug.bug.BugReporting void setInvocationOptions(int...) 0">
    <annotation name="android.support.annotation.IntDef">
      <val name="flag" val="true" />
      <val name="value" val="{com.instabug.bug.invocation.InvocationOption.EMAIL_FIELD_HIDDEN, com.instabug.bug.invocation.InvocationOption.EMAIL_FIELD_OPTIONAL, com.instabug.bug.invocation.InvocationOption.COMMENT_FIELD_REQUIRED, com.instabug.bug.invocation.InvocationOption.DISABLE_POST_SENDING_DIALOG}" />
    </annotation>
  </item>
  <item name="com.instabug.bug.BugReportingActivityLauncher.BugProcess">
    <annotation name="android.support.annotation.IntDef">
      <val name="value" val="{com.instabug.bug.BugReportingActivityLauncher.PROCESS_FEEDBACK, com.instabug.bug.BugReportingActivityLauncher.PROCESS_BUG, com.instabug.bug.BugReportingActivityLauncher.PROCESS_HANGING_BUG, com.instabug.bug.BugReportingActivityLauncher.PROCESS_KILL}" />
    </annotation>
  </item>
</root>

