<?xml version="1.0" encoding="UTF-8"?>
<root>
  <item name="com.instabug.library.visualusersteps.VisualUserStep void setViewOrientation(java.lang.String) 0">
    <annotation name="android.support.annotation.StringDef">
      <val name="value" val="{com.instabug.library.visualusersteps.VisualUserStep.ViewOrientation.LANDSCAPE, com.instabug.library.visualusersteps.VisualUserStep.ViewOrientation.PORTRAIT}" />
    </annotation>
  </item>
  <item name="com.instabug.library.visualusersteps.VisualUserStep.Builder com.instabug.library.visualusersteps.VisualUserStep.Builder viewOrientation(java.lang.String) 0">
    <annotation name="android.support.annotation.StringDef">
      <val name="value" val="{com.instabug.library.visualusersteps.VisualUserStep.ViewOrientation.LANDSCAPE, com.instabug.library.visualusersteps.VisualUserStep.ViewOrientation.PORTRAIT}" />
    </annotation>
  </item>
</root>

