<?xml version="1.0" encoding="UTF-8"?>
<root>
  <item name="com.instabug.library.invocation.Invocation.InvocationMode">
    <annotation name="android.support.annotation.IntDef">
      <val name="value" val="{com.instabug.library.invocation.Invocation.PROMPT_OPTIONS, com.instabug.library.invocation.Invocation.NEW_BUG, com.instabug.library.invocation.Invocation.NEW_FEEDBACK, com.instabug.library.invocation.Invocation.NEW_CHAT, com.instabug.library.invocation.Invocation.CHATS}" />
    </annotation>
  </item>
  <item name="com.instabug.library.invocation.InvocationManager void captureScreenshotThenInvoke(int) 0">
    <annotation name="android.support.annotation.IntDef">
      <val name="value" val="{com.instabug.library.invocation.Invocation.PROMPT_OPTIONS, com.instabug.library.invocation.Invocation.NEW_BUG, com.instabug.library.invocation.Invocation.NEW_FEEDBACK, com.instabug.library.invocation.Invocation.NEW_CHAT, com.instabug.library.invocation.Invocation.CHATS}" />
    </annotation>
  </item>
  <item name="com.instabug.library.invocation.InvocationManager void invoke(int) 0">
    <annotation name="android.support.annotation.IntDef">
      <val name="value" val="{com.instabug.library.invocation.Invocation.PROMPT_OPTIONS, com.instabug.library.invocation.Invocation.NEW_BUG, com.instabug.library.invocation.Invocation.NEW_FEEDBACK, com.instabug.library.invocation.Invocation.NEW_CHAT, com.instabug.library.invocation.Invocation.CHATS}" />
    </annotation>
  </item>
  <item name="com.instabug.library.invocation.InvocationManager void invoke(int, android.net.Uri) 0">
    <annotation name="android.support.annotation.IntDef">
      <val name="value" val="{com.instabug.library.invocation.Invocation.PROMPT_OPTIONS, com.instabug.library.invocation.Invocation.NEW_BUG, com.instabug.library.invocation.Invocation.NEW_FEEDBACK, com.instabug.library.invocation.Invocation.NEW_CHAT, com.instabug.library.invocation.Invocation.CHATS}" />
    </annotation>
  </item>
  <item name="com.instabug.library.invocation.InvocationSettings defaultInvocationMode">
    <annotation name="android.support.annotation.IntDef">
      <val name="value" val="{com.instabug.library.invocation.Invocation.PROMPT_OPTIONS, com.instabug.library.invocation.Invocation.NEW_BUG, com.instabug.library.invocation.Invocation.NEW_FEEDBACK, com.instabug.library.invocation.Invocation.NEW_CHAT, com.instabug.library.invocation.Invocation.CHATS}" />
    </annotation>
  </item>
  <item name="com.instabug.library.invocation.InvocationSettings int getDefaultInvocationMode()">
    <annotation name="android.support.annotation.IntDef">
      <val name="value" val="{com.instabug.library.invocation.Invocation.PROMPT_OPTIONS, com.instabug.library.invocation.Invocation.NEW_BUG, com.instabug.library.invocation.Invocation.NEW_FEEDBACK, com.instabug.library.invocation.Invocation.NEW_CHAT, com.instabug.library.invocation.Invocation.CHATS}" />
    </annotation>
  </item>
  <item name="com.instabug.library.invocation.InvocationSettings void disabledPromptOption(int) 0">
    <annotation name="android.support.annotation.IntDef">
      <val name="value" val="{com.instabug.library.invocation.Invocation.PROMPT_OPTIONS, com.instabug.library.invocation.Invocation.NEW_BUG, com.instabug.library.invocation.Invocation.NEW_FEEDBACK, com.instabug.library.invocation.Invocation.NEW_CHAT, com.instabug.library.invocation.Invocation.CHATS}" />
    </annotation>
  </item>
  <item name="com.instabug.library.invocation.InvocationSettings void enabledPromptOption(int) 0">
    <annotation name="android.support.annotation.IntDef">
      <val name="value" val="{com.instabug.library.invocation.Invocation.PROMPT_OPTIONS, com.instabug.library.invocation.Invocation.NEW_BUG, com.instabug.library.invocation.Invocation.NEW_FEEDBACK, com.instabug.library.invocation.Invocation.NEW_CHAT, com.instabug.library.invocation.Invocation.CHATS}" />
    </annotation>
  </item>
  <item name="com.instabug.library.invocation.InvocationSettings void setDefaultInvocationMode(int) 0">
    <annotation name="android.support.annotation.IntDef">
      <val name="value" val="{com.instabug.library.invocation.Invocation.PROMPT_OPTIONS, com.instabug.library.invocation.Invocation.NEW_BUG, com.instabug.library.invocation.Invocation.NEW_FEEDBACK, com.instabug.library.invocation.Invocation.NEW_CHAT, com.instabug.library.invocation.Invocation.CHATS}" />
    </annotation>
  </item>
</root>

