<?xml version="1.0" encoding="UTF-8"?>
<root>
  <item name="com.stripe.android.util.StripeTextUtils java.lang.String asBankAccountType(java.lang.String)">
    <annotation name="android.support.annotation.StringDef">
      <val name="value" val="{com.stripe.android.model.BankAccount.TYPE_COMPANY, com.stripe.android.model.BankAccount.TYPE_INDIVIDUAL}" />
    </annotation>
  </item>
  <item name="com.stripe.android.util.StripeTextUtils java.lang.String asCardBrand(java.lang.String)">
    <annotation name="android.support.annotation.StringDef">
      <val name="value" val="{com.stripe.android.model.Card.AMERICAN_EXPRESS, com.stripe.android.model.Card.DISCOVER, com.stripe.android.model.Card.JCB, com.stripe.android.model.Card.DINERS_CLUB, com.stripe.android.model.Card.VISA, com.stripe.android.model.Card.MASTERCARD, com.stripe.android.model.Card.UNKNOWN}" />
    </annotation>
  </item>
  <item name="com.stripe.android.util.StripeTextUtils java.lang.String asFundingType(java.lang.String)">
    <annotation name="android.support.annotation.StringDef">
      <val name="value" val="{com.stripe.android.model.Card.FUNDING_CREDIT, com.stripe.android.model.Card.FUNDING_DEBIT, com.stripe.android.model.Card.FUNDING_PREPAID, com.stripe.android.model.Card.FUNDING_UNKNOWN}" />
    </annotation>
  </item>
  <item name="com.stripe.android.util.StripeTextUtils java.lang.String asTokenType(java.lang.String)">
    <annotation name="android.support.annotation.StringDef">
      <val name="value" val="{com.stripe.android.model.Token.TYPE_CARD, com.stripe.android.model.Token.TYPE_BANK_ACCOUNT}" />
    </annotation>
  </item>
</root>

